Date,Week_Number,Time,Shift,Personnel,Meter_MGM_m3,Consumo_MGM_m3,Meter_M1_m3,Consumo_M1_m3,Consumo_Total_m3
2026-01-01,1,13:00,N/A,,120263.0,0.0,8684.64,0.0,0.0
2026-01-02,1,13:00,N/A,,120269.0,6.0,8685.85,1.2100000000009459,7.210000000000946
2026-01-03,1,13:00,N/A,,120275.0,6.0,8687.33,1.4799999999995634,7.479999999999563
2026-01-04,2,13:00,N/A,,120280.0,5.0,8692.41,5.079999999999927,10.079999999999927
2026-01-05,2,13:00,N/A,,120290.0,10.0,8707.57,15.159999999999854,25.159999999999854
2026-01-06,2,13:00,N/A,,120313.0,23.0,8714.31,6.739999999999782,29.73999999999978
2026-01-07,2,13:00,N/A,,120334.0,21.0,8723.04,8.730000000001382,29.730000000001382
2026-01-08,2,13:00,N/A,,120362.0,28.0,8729.38,6.3399999999983265,34.33999999999833
2026-01-09,2,13:00,N/A,,120384.0,22.0,8739.7,10.320000000001528,32.32000000000153
2026-01-10,2,13:00,N/A,,120398.0,14.0,8741.89,2.1899999999986903,16.18999999999869
2026-01-11,3,13:00,N/A,,120401.0,3.0,8743.14,1.25,4.25
2026-01-12,3,13:00,N/A,,120406.0,5.0,8754.88,11.739999999999782,16.73999999999978
2026-01-13,3,13:00,N/A,,120444.0,38.0,8758.6,3.720000000001164,41.720000000001164
2026-01-14,3,13:00,N/A,,120482.0,38.0,8761.98,3.3799999999991996,41.3799999999992
2026-01-15,3,13:00,N/A,,120514.0,32.0,8767.0,5.020000000000437,37.02000000000044
2026-01-16,3,13:00,N/A,,120539.0,25.0,8772.01,5.010000000000218,30.01000000000022
2026-01-17,3,13:00,N/A,,120558.0,19.0,8773.43,1.4200000000000728,20.420000000000073
2026-01-18,4,13:00,N/A,,120571.0,13.0,8774.12,0.6900000000005093,13.69000000000051
2026-01-19,4,13:00,N/A,,120596.0,25.0,8775.52,1.3999999999996362,26.399999999999636
2026-01-20,4,13:00,N/A,,120623.0,27.0,8778.4,2.8799999999991996,29.8799999999992
2026-01-21,4,13:00,N/A,,120661.0,38.0,8786.85,8.450000000000728,46.45000000000073
2026-01-22,4,13:00,N/A,,120690.0,29.0,8789.85,3.0,32.0
2026-01-23,4,13:00,N/A,,120721.0,31.0,8796.3,6.449999999998909,37.44999999999891
2026-01-24,4,13:00,N/A,,120756.0,35.0,8806.45,10.150000000001455,45.150000000001455
2026-01-25,5,13:00,N/A,,120760.0,4.0,8810.91,4.459999999999127,8.459999999999127
2026-01-26,5,13:00,N/A,,120797.0,37.0,8815.68,4.770000000000437,41.77000000000044
2026-01-27,5,13:00,N/A,,120827.0,30.0,8820.87,5.190000000000509,35.19000000000051
2026-01-28,5,13:00,N/A,,120857.0,30.0,8826.89,6.019999999998618,36.01999999999862
2026-01-29,5,13:00,N/A,,120888.0,31.0,8833.07,6.180000000000291,37.18000000000029
2026-01-30,5,13:00,N/A,,120910.0,22.0,8839.58,6.510000000000218,28.51000000000022
2026-01-31,5,13:00,N/A,,120928.0,18.0,8844.98,5.399999999999636,23.399999999999636
2026-02-01,6,13:00,N/A,,120937.0,9.0,8849.49,4.510000000000218,13.510000000000218
2026-02-02,6,13:00,N/A,,120946.0,9.0,8853.86,4.3700000000008,13.3700000000008
2026-02-03,6,13:00,N/A,,120951.0,5.0,8859.14,5.279999999998836,10.279999999998836
2026-02-04,6,13:00,N/A,,120994.0,43.0,8865.41,6.270000000000437,49.27000000000044
2026-02-05,6,13:00,N/A,,121014.0,20.0,8875.94,10.530000000000655,30.530000000000655
2026-02-06,6,13:00,N/A,,121042.0,28.0,8883.23,7.289999999999054,35.289999999999054
2026-02-07,6,13:00,N/A,,121054.0,12.0,8890.8,7.569999999999709,19.56999999999971
2026-02-08,7,13:00,N/A,,121061.0,7.0,8895.8,5.0,12.0
2026-02-09,7,13:00,N/A,,121071.0,10.0,8902.29,6.490000000001601,16.4900000000016
2026-02-10,7,13:00,N/A,,121111.0,40.0,8909.1,6.809999999999491,46.80999999999949
2026-02-11,7,13:00,N/A,,121143.0,32.0,8917.46,8.359999999998763,40.35999999999876
2026-02-12,7,13:00,N/A,,121167.0,24.0,8926.42,8.960000000000946,32.960000000000946
2026-02-13,7,13:00,N/A,,121191.0,24.0,8933.87,7.450000000000728,31.450000000000728
2026-02-14,7,13:00,N/A,,121209.0,18.0,8940.71,6.8399999999983265,24.839999999998327
2026-02-15,8,13:00,N/A,,121216.0,7.0,8946.9,6.190000000000509,13.19000000000051
2026-02-16,8,13:00,N/A,,121238.0,22.0,8954.11,7.210000000000946,29.210000000000946
2026-02-17,8,13:00,N/A,,121260.0,22.0,8962.3,8.18999999999869,30.18999999999869
2026-02-18,8,13:00,N/A,,121291.0,31.0,9013.73,51.43000000000029,82.43000000000029
2026-02-19,8,13:00,N/A,,121322.0,31.0,9035.51,21.780000000000655,52.780000000000655
2026-02-20,8,13:00,N/A,,121346.0,24.0,9045.59,10.079999999999927,34.07999999999993
2026-02-21,8,13:00,N/A,,121390.0,44.0,9056.19,10.600000000000364,54.600000000000364
2026-02-22,9,13:00,N/A,,121393.0,3.0,9065.48,9.289999999999054,12.289999999999054
2026-02-23,9,13:00,N/A,,121410.0,17.0,9076.34,10.860000000000582,27.860000000000582
2026-02-24,9,13:00,N/A,,121452.0,42.0,9100.39,24.049999999999272,66.04999999999927
2026-02-25,9,13:00,N/A,,121470.0,18.0,9112.97,12.579999999999927,30.579999999999927
2026-02-26,9,13:00,N/A,,121505.0,35.0,9129.06,16.090000000000146,51.090000000000146
2026-02-27,9,13:00,N/A,,121538.0,33.0,9151.59,22.530000000000655,55.530000000000655
2026-02-28,9,13:00,N/A,,121566.0,28.0,9162.11,10.520000000000437,38.52000000000044
2026-03-01,10,13:00,N/A,,121575.0,9.0,9174.43,12.319999999999709,21.31999999999971
2026-03-02,10,13:00,N/A,,121596.0,21.0,9188.29,13.860000000000582,34.86000000000058
2026-03-03,10,13:00,N/A,,121629.0,33.0,9202.16,13.869999999998981,46.86999999999898
2026-03-04,10,13:00,N/A,,121654.0,25.0,9217.08,14.920000000000073,39.92000000000007
2026-03-05,10,13:00,N/A,,121696.0,42.0,9233.5,16.420000000000073,58.42000000000007
2026-03-06,10,13:00,N/A,,121730.0,34.0,9276.67,43.17000000000007,77.17000000000007
2026-03-07,10,13:00,N/A,,121752.0,22.0,9293.94,17.270000000000437,39.27000000000044
2026-03-08,11,13:00,N/A,,121763.0,11.0,9309.66,15.719999999999345,26.719999999999345
2026-03-09,11,13:00,N/A,,121786.0,23.0,9326.15,16.48999999999978,39.48999999999978
2026-03-10,11,13:00,N/A,,121822.0,36.0,9344.49,18.340000000000146,54.340000000000146
2026-03-11,11,13:00,N/A,,121843.0,21.0,9372.15,27.659999999999854,48.659999999999854
2026-03-12,11,13:00,N/A,,121880.0,37.0,9392.41,20.26000000000022,57.26000000000022
2026-03-13,11,13:00,N/A,,121893.0,13.0,9413.73,21.31999999999971,34.31999999999971
2026-03-14,11,13:00,N/A,,121922.0,29.0,9433.22,19.48999999999978,48.48999999999978
2026-03-15,12,13:00,N/A,,121938.0,16.0,9452.08,18.860000000000582,34.86000000000058
2026-03-16,12,13:00,N/A,,121954.0,16.0,9466.36,14.280000000000655,30.280000000000655
2026-03-17,12,13:00,N/A,,121974.0,20.0,9487.77,21.409999999999854,41.409999999999854
2026-03-18,12,13:00,N/A,,122001.0,27.0,9497.05,9.279999999998836,36.279999999998836
2026-03-19,12,13:00,N/A,,122045.0,44.0,9504.58,7.530000000000655,51.530000000000655
2026-03-20,12,13:00,N/A,,122074.0,29.0,9515.55,10.969999999999345,39.969999999999345
2026-03-21,12,13:00,N/A,,122110.0,36.0,9524.41,8.860000000000582,44.86000000000058
2026-03-22,13,13:00,N/A,,122122.0,12.0,9531.58,7.170000000000073,19.170000000000073
2026-03-23,13,13:00,N/A,,122142.0,20.0,9540.21,8.6299999999992,28.6299999999992
2026-03-24,13,13:00,N/A,,122170.0,28.0,9550.07,9.860000000000582,37.86000000000058
2026-03-25,13,13:00,N/A,,122193.0,23.0,9558.25,8.180000000000291,31.18000000000029
2026-03-26,13,13:00,N/A,,122250.0,57.0,9566.12,7.8700000000008,64.8700000000008
2026-03-27,13,13:00,N/A,,122297.0,47.0,9584.18,18.05999999999949,65.05999999999949
2026-03-28,13,13:00,N/A,,122303.0,6.0,9601.63,17.44999999999891,23.44999999999891
2026-03-29,14,13:00,N/A,,122322.0,19.0,9601.79,0.16000000000167347,19.160000000001673
2026-03-30,14,13:00,N/A,,122350.0,28.0,9611.7,9.909999999999854,37.909999999999854
2026-03-31,14,13:00,N/A,,122358.0,8.0,9615.35,3.649999999999636,11.649999999999636
2026-04-01,14,13:00,N/A,,122378.0,20.0,9657.01,41.659999999999854,61.659999999999854
2026-04-02,14,13:00,N/A,,122410.0,32.0,9669.23,12.219999999999345,44.219999999999345
2026-04-03,14,13:00,N/A,,122442.0,32.0,9681.05,11.819999999999709,43.81999999999971
2026-04-04,14,13:00,N/A,,122453.0,11.0,9693.5,12.450000000000728,23.450000000000728
2026-04-05,15,13:00,N/A,,122461.0,8.0,9706.71,13.209999999999127,21.209999999999127
2026-04-06,15,13:00,N/A,,122519.0,58.0,9736.63,29.920000000000073,87.92000000000007
2026-04-07,15,13:00,N/A,,122535.0,16.0,9747.75,11.1200000000008,27.1200000000008
2026-04-08,15,13:00,N/A,,122566.0,31.0,9754.32,6.569999999999709,37.56999999999971
2026-04-09,15,13:00,N/A,,122597.0,31.0,9775.26,20.94000000000051,51.94000000000051
2026-04-10,15,13:00,N/A,,122640.0,43.0,9789.26,14.0,57.0
2026-04-11,15,13:00,N/A,,122672.0,32.0,9802.87,13.610000000000582,45.61000000000058
2026-04-12,16,13:00,N/A,,122697.0,25.0,9816.34,13.469999999999345,38.469999999999345
2026-04-13,16,13:00,N/A,,122732.0,35.0,9829.8,13.459999999999127,48.45999999999913
2026-04-14,16,13:00,N/A,,122769.0,37.0,9842.81,13.010000000000218,50.01000000000022
2026-04-15,16,13:00,N/A,,122807.0,38.0,9871.48,28.670000000000073,66.67000000000007
2026-04-16,16,13:00,N/A,,122836.0,29.0,9890.61,19.13000000000102,48.13000000000102
2026-04-17,16,13:00,N/A,,122872.0,36.0,9907.5,16.889999999999418,52.88999999999942
2026-04-18,16,13:00,N/A,,122894.0,22.0,9925.85,18.350000000000364,40.350000000000364
2026-04-19,17,13:00,N/A,,122970.0,76.0,9930.81,4.959999999999127,80.95999999999913
2026-04-20,17,13:00,N/A,,122985.0,15.0,9936.56,5.75,20.75
2026-04-21,17,13:00,N/A,,123002.0,17.0,9946.22,9.659999999999854,26.659999999999854
2026-04-22,17,13:00,N/A,,123056.0,54.0,9956.16,9.94000000000051,63.94000000000051
2026-04-23,17,13:00,N/A,,123096.0,40.0,9963.79,7.630000000001019,47.63000000000102
2026-04-24,17,13:00,N/A,,123116.0,20.0,9979.89,16.099999999998545,36.099999999998545
2026-04-25,17,13:00,N/A,,123146.0,30.0,10003.34,23.450000000000728,53.45000000000073
2026-04-26,18,13:00,N/A,,123150.0,4.0,10021.78,18.44000000000051,22.44000000000051
2026-04-27,18,13:00,N/A,,123174.0,24.0,10032.41,10.6299999999992,34.6299999999992
2026-04-28,18,13:00,N/A,,123212.0,38.0,10052.32,19.909999999999854,57.909999999999854
2026-04-29,18,13:00,N/A,,123239.0,27.0,10064.74,12.420000000000073,39.42000000000007
2026-04-30,18,13:00,N/A,,123271.0,32.0,10077.17,12.430000000000291,44.43000000000029
2026-05-01,18,13:00,N/A,,123286.0,15.0,10099.58,22.409999999999854,37.409999999999854
2026-05-02,18,13:00,N/A,,123290.0,4.0,10103.27,3.6900000000005093,7.690000000000509
2026-05-03,19,13:00,N/A,,123294.0,4.0,10115.38,12.109999999998763,16.109999999998763
2026-05-04,19,13:00,N/A,,123318.0,24.0,10129.46,14.079999999999927,38.07999999999993
2026-05-05,19,13:00,N/A,,123341.0,23.0,10146.16,16.700000000000728,39.70000000000073
2026-05-06,19,13:00,N/A,,123368.0,27.0,10164.77,18.610000000000582,45.61000000000058
2026-05-07,19,13:00,N/A,,123393.0,25.0,10181.91,17.139999999999418,42.13999999999942
2026-05-08,19,13:00,N/A,,123418.0,25.0,10188.64,6.729999999999563,31.729999999999563
2026-05-09,19,13:00,N/A,,123434.0,16.0,10194.46,5.819999999999709,21.81999999999971
2026-05-10,20,13:00,N/A,,123441.0,7.0,10199.59,5.130000000001019,12.130000000001019
2026-05-11,20,13:00,N/A,,123460.0,19.0,10205.21,5.619999999998981,24.61999999999898
2026-05-12,20,13:00,N/A,,123487.0,27.0,10211.44,6.230000000001382,33.23000000000138
2026-05-13,20,13:00,N/A,,123523.0,36.0,10218.35,6.9099999999998545,42.909999999999854
2026-05-14,20,13:00,N/A,,123543.0,20.0,10225.53,7.180000000000291,27.18000000000029
2026-05-15,20,13:00,N/A,,123571.0,28.0,10233.44,7.9099999999998545,35.909999999999854
2026-05-16,20,13:00,N/A,,123594.0,23.0,10247.47,14.029999999998836,37.029999999998836
2026-05-17,21,13:00,N/A,,123614.0,20.0,10260.31,12.840000000000146,32.840000000000146
2026-05-18,21,13:00,N/A,,123639.0,25.0,10272.97,12.659999999999854,37.659999999999854
2026-05-19,21,13:00,N/A,,123678.0,39.0,10283.7,10.730000000001382,49.73000000000138
2026-05-20,21,13:00,N/A,,123719.0,41.0,10291.19,7.489999999999782,48.48999999999978
2026-05-21,21,13:00,N/A,,123758.0,39.0,10298.26,7.069999999999709,46.06999999999971
2026-05-22,21,13:00,N/A,,123794.0,36.0,10304.97,6.709999999999127,42.70999999999913
2026-05-23,21,13:00,N/A,,123808.0,14.0,10311.19,6.220000000001164,20.220000000001164
2026-05-24,22,13:00,N/A,,123819.0,11.0,10311.6,0.4099999999998545,11.409999999999854
2026-05-25,22,13:00,N/A,,123850.0,31.0,10323.38,11.779999999998836,42.779999999998836
2026-05-26,22,13:00,N/A,,123879.0,29.0,10330.39,7.010000000000218,36.01000000000022
2026-05-27,22,13:00,N/A,,123913.0,34.0,10338.03,7.640000000001237,41.64000000000124
2026-05-28,22,13:00,N/A,,123945.0,32.0,10345.84,7.809999999999491,39.80999999999949
2026-05-29,22,13:00,N/A,,123986.0,41.0,10352.85,7.010000000000218,48.01000000000022
2026-05-30,22,13:00,N/A,,124011.0,25.0,10359.31,6.459999999999127,31.459999999999127
2026-05-31,23,13:00,N/A,,124026.0,15.0,10365.23,5.920000000000073,20.920000000000073
2026-06-01,23,13:00,N/A,,124062.0,36.0,10372.02,6.790000000000873,42.79000000000087
2026-06-02,23,13:00,N/A,,124105.0,43.0,10379.4,7.3799999999992,50.3799999999992
2026-06-03,23,13:00,N/A,,124139.0,34.0,10386.14,6.739999999999782,40.73999999999978
2026-06-04,23,13:00,N/A,,124182.0,43.0,10393.62,7.480000000001382,50.48000000000138
2026-06-05,23,13:00,N/A,,124204.0,22.0,10400.66,7.039999999999054,29.039999999999054
2026-06-06,23,13:00,N/A,,124217.0,13.0,10406.23,5.569999999999709,18.56999999999971
2026-06-07,24,13:00,N/A,,124230.0,13.0,10413.32,7.0900000000001455,20.090000000000146
2026-06-08,24,13:00,N/A,,124273.0,43.0,10419.59,6.270000000000437,49.27000000000044
2026-06-09,24,13:00,N/A,,124324.0,51.0,10427.12,7.530000000000655,58.530000000000655
2026-06-10,24,13:00,N/A,,124334.0,10.0,10435.26,8.139999999999418,18.139999999999418
2026-06-11,24,13:00,N/A,,124368.0,34.0,10443.46,8.199999999998909,42.19999999999891
2026-06-12,24,13:00,N/A,,124400.0,32.0,10452.04,8.580000000001746,40.580000000001746
2026-06-13,24,13:00,N/A,,124420.0,20.0,10459.98,7.93999999999869,27.93999999999869
2026-06-14,25,13:00,N/A,,124430.0,10.0,10467.14,7.1599999999998545,17.159999999999854
2026-06-15,25,13:00,N/A,,124456.0,26.0,10474.67,7.530000000000655,33.530000000000655
2026-06-16,25,13:00,N/A,,124492.0,36.0,10483.02,8.350000000000364,44.350000000000364
2026-06-17,25,13:00,N/A,,124518.0,26.0,10490.25,7.229999999999563,33.22999999999956
2026-06-18,25,01:00 a.m.,2+3,,124532.0,14.0,10494.07,3.819999999999709,17.81999999999971
2026-06-18,25,05:30 a.m.,3,,124536.0,4.0,10495.28,1.2100000000009459,5.210000000000946
2026-06-18,25,04:00 p.m.,1,,124549.0,13.0,10498.65,3.3699999999989814,16.36999999999898
2026-06-18,25,09:30 p.m.,2,,124556.0,7.0,10500.57,1.9200000000000728,8.920000000000073
2026-06-19,25,01:00 a.m.,2+3,,124558.0,2.0,10501.02,0.4500000000007276,2.4500000000007276
2026-06-19,25,05:30 a.m.,3,,124563.0,5.0,10502.62,1.6000000000003638,6.600000000000364
2026-06-19,25,04:00 p.m.,1,,124576.0,13.0,10506.44,3.819999999999709,16.81999999999971
2026-06-19,25,09:30 p.m.,2,,124583.0,7.0,10507.81,1.3699999999989814,8.369999999998981
2026-06-20,25,01:00 a.m.,2+3,,124584.0,1.0,10508.73,0.9200000000000728,1.9200000000000728
2026-06-20,25,05:30 a.m.,3,,124586.0,2.0,10509.88,1.1499999999996362,3.149999999999636
2026-06-20,25,04:00 p.m.,1,,124591.0,5.0,10513.24,3.360000000000582,8.360000000000582
2026-06-20,25,09:30 p.m.,2,,124591.0,0.0,10514.69,1.4500000000007276,1.4500000000007276
2026-06-21,26,01:00 a.m.,2+3,,124591.0,0.0,10515.6,0.9099999999998545,0.9099999999998545
2026-06-21,26,05:30 a.m.,3,,124594.0,3.0,10516.72,1.1199999999989814,4.119999999998981
2026-06-21,26,04:00 p.m.,1,,124600.0,6.0,10519.48,2.7600000000002183,8.760000000000218
2026-06-21,26,09:30 p.m.,2,,124603.0,3.0,10520.96,1.4799999999995634,4.479999999999563
2026-06-22,26,01:00 a.m.,2+3,,124603.0,0.0,10521.95,0.9900000000016007,0.9900000000016007
2026-06-22,26,05:30 a.m.,3,,124607.0,4.0,10522.97,1.0199999999986176,5.019999999998618
2026-06-22,26,04:00 p.m.,1,,124624.0,17.0,10525.3,2.3299999999999272,19.329999999999927
2026-06-22,26,09:30 p.m.,2,,124636.0,12.0,10528.13,2.8299999999999272,14.829999999999927
2026-06-23,26,01:00 a.m.,2+3,,124639.0,3.0,10529.13,1.0,4.0
2026-06-23,26,05:30 a.m.,3,,124641.0,2.0,10530.23,1.1000000000003638,3.100000000000364
2026-06-23,26,04:00 p.m.,1,,124655.0,14.0,10538.8,8.569999999999709,22.56999999999971
2026-06-23,26,09:30 p.m.,2,,124662.0,7.0,10535.64,3.1599999999998545,10.159999999999854
2026-06-24,26,01:00 a.m.,2+3,,124664.0,2.0,10536.65,1.0100000000002183,3.0100000000002183
2026-06-24,26,05:30 a.m.,3,,124670.0,6.0,10537.71,1.0599999999994907,7.059999999999491
2026-06-24,26,04:00 p.m.,1,,124684.0,14.0,10541.53,3.820000000001528,17.820000000001528
2026-06-24,26,09:30 p.m.,2,,124692.0,8.0,10543.28,1.75,9.75
2026-06-25,26,01:00 a.m.,2+3,,124693.0,1.0,10544.33,1.0499999999992724,2.0499999999992724
2026-06-25,26,05:30 a.m.,3,,124697.0,4.0,10545.44,1.110000000000582,5.110000000000582
2026-06-25,26,04:00 p.m.,1,,124704.0,7.0,10549.26,3.819999999999709,10.819999999999709
2026-06-25,26,09:30 p.m.,2,,124712.0,8.0,10551.19,1.930000000000291,9.930000000000291
2026-06-26,26,01:00 a.m.,2+3,,124713.0,1.0,10552.25,1.0599999999994907,2.0599999999994907
2026-06-26,26,05:30 a.m.,3,,124716.0,3.0,10553.36,1.110000000000582,4.110000000000582
2026-06-26,26,04:00 p.m.,1,,124730.0,14.0,10557.27,3.9099999999998545,17.909999999999854
2026-06-26,26,09:30 p.m.,2,,124740.0,10.0,10559.12,1.8500000000003638,11.850000000000364
2026-06-27,26,01:00 a.m.,2+3,,124741.0,1.0,10560.17,1.0499999999992724,2.0499999999992724
2026-06-27,26,05:30 a.m.,3,,124744.0,3.0,10561.4,1.2299999999995634,4.229999999999563
2026-06-27,26,04:00 p.m.,1,,124750.0,6.0,10564.94,3.540000000000873,9.540000000000873
2026-06-27,26,09:30 p.m.,2,,124754.0,4.0,10566.87,1.930000000000291,5.930000000000291
2026-06-28,27,01:00 a.m.,2+3,,124755.0,1.0,10567.63,0.7599999999983993,1.7599999999983993
2026-06-28,27,05:30 a.m.,3,,124760.0,5.0,10568.85,1.2200000000011642,6.220000000001164
2026-06-28,27,04:00 p.m.,1,,124762.0,2.0,10571.66,2.8099999999994907,4.809999999999491
2026-06-28,27,09:30 p.m.,2,,124766.0,4.0,10573.81,2.149999999999636,6.149999999999636
2026-06-29,27,01:00 a.m.,2+3,,124766.0,0.0,10574.7,0.8900000000012369,0.8900000000012369
2026-06-29,27,05:30 a.m.,3,,124770.0,4.0,10575.76,1.0599999999994907,5.059999999999491
2026-06-29,27,04:00 p.m.,1,,124791.0,21.0,10579.91,4.149999999999636,25.149999999999636
2026-06-29,27,09:30 p.m.,2,,124799.0,8.0,10582.06,2.149999999999636,10.149999999999636
2026-06-30,27,01:00 a.m.,2+3,,124800.0,1.0,10582.92,0.8600000000005821,1.860000000000582
2026-06-30,27,05:30 a.m.,3,,124802.0,2.0,10584.4,1.4799999999995634,3.4799999999995634
2026-06-30,27,04:00 p.m.,1,,124820.0,18.0,10588.31,3.9099999999998545,21.909999999999854
2026-06-30,27,09:30 p.m.,2,,124826.0,6.0,10590.19,1.8800000000010186,7.880000000001019
2026-07-01,27,01:00 a.m.,2+3,,124828.0,2.0,10591.41,1.2199999999993452,3.219999999999345
2026-07-01,27,05:30 a.m.,3,,124835.0,7.0,10592.96,1.5499999999992724,8.549999999999272
2026-07-01,27,04:00 p.m.,1,,124848.0,13.0,10597.2,4.240000000001601,17.2400000000016
2026-07-01,27,09:30 p.m.,2,,124855.0,7.0,10599.2,2.0,9.0
2026-07-02,27,01:00 a.m.,2+3,,124855.0,0.0,10600.3,1.0999999999985448,1.0999999999985448
2026-07-02,27,05:30 a.m.,3,,124856.0,1.0,10601.9,1.6000000000003638,2.600000000000364
2026-07-02,27,04:00 p.m.,1,,124871.0,15.0,10605.8,3.899999999999636,18.899999999999636
2026-07-02,27,09:30 p.m.,2,,124878.0,7.0,10608.27,2.470000000001164,9.470000000001164
2026-07-03,27,01:00 a.m.,2+3,,124878.0,0.0,10609.19,0.9200000000000728,0.9200000000000728
2026-07-03,27,05:30 a.m.,3,,124884.0,6.0,10610.65,1.4599999999991269,7.459999999999127
2026-07-03,27,04:00 p.m.,1,,124896.0,12.0,10615.18,4.530000000000655,16.530000000000655
2026-07-03,27,09:30 p.m.,2,,124903.0,7.0,10617.74,2.5599999999994907,9.55999999999949
2026-07-04,27,01:00 a.m.,2+3,,124904.0,1.0,10618.56,0.819999999999709,1.819999999999709
2026-07-04,27,05:30 a.m.,3,,124907.0,3.0,10619.92,1.360000000000582,4.360000000000582
2026-07-04,27,04:00 p.m.,1,,124908.0,1.0,10624.19,4.270000000000437,5.270000000000437
2026-07-04,27,09:30 p.m.,2,,124908.0,0.0,10625.95,1.7600000000002183,1.7600000000002183
2026-07-05,28,01:00 a.m.,2+3,,124909.0,1.0,10627.31,1.359999999998763,2.359999999998763
2026-07-05,28,05:30 a.m.,3,,124912.0,3.0,10628.61,1.3000000000010914,4.300000000001091
2026-07-05,28,04:00 p.m.,1,,124924.0,12.0,10632.67,4.059999999999491,16.05999999999949
2026-07-05,28,09:30 p.m.,2,,124928.0,4.0,10634.21,1.5399999999990541,5.539999999999054
2026-07-06,28,01:00 a.m.,2+3,,124928.0,0.0,10635.73,1.5200000000004366,1.5200000000004366
2026-07-06,28,05:30 a.m.,3,,124931.0,3.0,10637.29,1.5600000000013097,4.56000000000131
2026-07-06,28,04:00 p.m.,1,,124946.0,15.0,10641.8,4.509999999998399,19.5099999999984
2026-07-06,28,09:30 p.m.,2,,124954.0,8.0,10644.39,2.5900000000001455,10.590000000000146
2026-07-07,28,01:00 a.m.,2+3,,124955.0,1.0,10645.34,0.9500000000007276,1.9500000000007276
2026-07-07,28,05:30 a.m.,3,,124958.0,3.0,10646.85,1.5100000000002183,4.510000000000218
2026-07-07,28,04:00 p.m.,1,,124972.0,14.0,10651.7,4.850000000000364,18.850000000000364
2026-07-07,28,09:30 p.m.,2,,124980.0,8.0,10654.09,2.389999999999418,10.389999999999418
2026-07-08,28,01:00 a.m.,2+3,,124981.0,1.0,10656.03,1.9400000000005093,2.9400000000005093
2026-07-08,28,05:30 a.m.,3,,124989.0,8.0,10657.01,0.9799999999995634,8.979999999999563
2026-07-08,28,04:00 p.m.,1,,125002.0,13.0,10661.68,4.670000000000073,17.670000000000073
2026-07-08,28,09:30 p.m.,2,,125011.0,9.0,10663.4,1.7199999999993452,10.719999999999345
2026-07-09,28,01:00 a.m.,2+3,,125012.0,1.0,10664.7,1.3000000000010914,2.3000000000010914
2026-07-09,28,05:30 a.m.,3,,125013.0,1.0,10666.11,1.4099999999998545,2.4099999999998545
2026-07-09,28,04:00 p.m.,1,,125026.0,13.0,10670.23,4.119999999998981,17.11999999999898
2026-07-09,28,09:30 p.m.,2,,125032.0,6.0,10671.77,1.5400000000008731,7.540000000000873
2026-07-10,28,01:00 a.m.,2+3,,125032.0,0.0,10673.21,1.4399999999986903,1.4399999999986903
2026-07-10,28,05:30 a.m.,3,,125035.0,3.0,10674.56,1.3500000000003638,4.350000000000364
2026-07-10,28,04:00 p.m.,1,,125050.0,15.0,10679.7,5.140000000001237,20.140000000001237
2026-07-10,28,09:30 p.m.,2,,125059.0,9.0,10682.17,2.469999999999345,11.469999999999345
2026-07-11,28,01:00 a.m.,2+3,,125059.0,0.0,10683.51,1.3400000000001455,1.3400000000001455
2026-07-11,28,05:30 a.m.,3,,125059.0,0.0,10684.95,1.4400000000005093,1.4400000000005093
2026-07-11,28,04:00 p.m.,1,,125064.0,5.0,10689.79,4.8400000000001455,9.840000000000146
2026-07-11,28,09:30 p.m.,2,,125066.0,2.0,10691.84,2.0499999999992724,4.049999999999272
2026-07-12,29,01:00 a.m.,2+3,,125066.0,0.0,10693.28,1.4400000000005093,1.4400000000005093
2026-07-12,29,05:30 a.m.,3,,125070.0,4.0,10694.91,1.6299999999991996,5.6299999999992
2026-07-12,29,04:00 p.m.,1,,125074.0,4.0,10699.46,4.549999999999272,8.549999999999272
2026-07-12,29,09:30 p.m.,2,,125077.0,3.0,10701.44,1.9800000000013824,4.980000000001382
2026-07-13,29,01:00 a.m.,2+3,,125077.0,0.0,10703.25,1.8099999999994907,1.8099999999994907
2026-07-13,29,05:30 a.m.,3,,125081.0,4.0,10704.88,1.6299999999991996,5.6299999999992
2026-07-13,29,04:00 p.m.,1,,125097.0,16.0,10712.67,7.790000000000873,23.790000000000873
2026-07-13,29,09:30 p.m.,2,,125109.0,12.0,10715.33,2.6599999999998545,14.659999999999854
2026-07-14,29,01:00 a.m.,2+3,,125109.0,0.0,10717.25,1.9200000000000728,1.9200000000000728
2026-07-14,29,05:30 a.m.,3,,125109.0,0.0,10719.04,1.7900000000008731,1.7900000000008731
2026-07-14,29,04:00 p.m.,1,,125122.0,13.0,10727.14,8.099999999998545,21.099999999998545
2026-07-14,29,09:30 p.m.,2,,125128.0,6.0,10731.33,4.190000000000509,10.19000000000051
2026-07-15,29,01:00 a.m.,2+3,,125128.0,0.0,10734.63,3.2999999999992724,3.2999999999992724
2026-07-15,29,05:30 a.m.,3,,125131.0,3.0,10737.24,2.610000000000582,5.610000000000582
2026-07-15,29,04:00 p.m.,1,,125140.0,9.0,10744.23,6.989999999999782,15.989999999999782
2026-07-15,29,09:30 p.m.,2,,125155.0,15.0,10747.39,3.1599999999998545,18.159999999999854
2026-07-16,29,01:00 a.m.,2+3,,125155.0,0.0,10748.6,1.2100000000009459,1.2100000000009459
2026-07-16,29,05:30 a.m.,3,,125155.0,0.0,10750.57,1.9699999999993452,1.9699999999993452
2026-07-16,29,04:00 p.m.,1,,125179.0,24.0,10756.25,5.680000000000291,29.68000000000029
2026-07-16,29,09:30 p.m.,2,,125185.0,6.0,10759.08,2.8299999999999272,8.829999999999927
2026-07-17,29,01:00 a.m.,2+3,,125187.0,2.0,10760.08,1.0,3.0
2026-07-17,29,05:30 a.m.,3,,125190.0,3.0,10762.47,2.389999999999418,5.389999999999418
2026-07-17,29,04:00 p.m.,1,,125202.0,12.0,10768.11,5.640000000001237,17.640000000001237
2026-07-17,29,09:30 p.m.,2,,125210.0,8.0,10771.05,2.9399999999986903,10.93999999999869
2026-07-18,29,01:00 a.m.,2+3,,125210.0,0.0,10772.74,1.6900000000005093,1.6900000000005093
2026-07-18,29,05:30 a.m.,3,,125210.0,0.0,10775.14,2.399999999999636,2.399999999999636
2026-07-18,29,04:00 p.m.,1,,125217.0,7.0,10780.36,5.220000000001164,12.220000000001164
2026-07-18,29,09:30 p.m.,2,,125217.0,0.0,10783.35,2.9899999999997817,2.9899999999997817
2026-07-19,30,01:00 a.m.,2+3,,125217.0,0.0,10784.83,1.4799999999995634,1.4799999999995634
2026-07-19,30,05:30 a.m.,3,,125221.0,4.0,10787.03,2.2000000000007276,6.200000000000728
2026-07-19,30,04:00 p.m.,1,,125221.0,0.0,10792.14,5.109999999998763,5.109999999998763
2026-07-19,30,09:30 p.m.,2,,125225.0,4.0,10794.68,2.540000000000873,6.540000000000873
2026-07-20,30,01:00 a.m.,2+3,,125225.0,0.0,10796.71,2.029999999998836,2.029999999998836
2026-07-20,30,05:30 a.m.,3,,,,,,
2026-07-20,30,04:00 p.m.,1,,,,,,
2026-07-20,30,09:30 p.m.,2,,,,,,
2026-07-21,30,01:00 a.m.,2+3,,,,,,
2026-07-21,30,05:30 a.m.,3,,,,,,
2026-07-21,30,04:00 p.m.,1,,,,,,
2026-07-21,30,09:30 p.m.,2,,,,,,
2026-07-22,30,01:00 a.m.,2+3,,,,,,
2026-07-22,30,05:30 a.m.,3,,,,,,
2026-07-22,30,04:00 p.m.,1,,,,,,
2026-07-22,30,09:30 p.m.,2,,,,,,
2026-07-23,30,01:00 a.m.,2+3,,,,,,
2026-07-23,30,05:30 a.m.,3,,,,,,
2026-07-23,30,04:00 p.m.,1,,,,,,
2026-07-23,30,09:30 p.m.,2,,,,,,
2026-07-24,30,01:00 a.m.,2+3,,,,,,
2026-07-24,30,05:30 a.m.,3,,,,,,
2026-07-24,30,04:00 p.m.,1,,,,,,
2026-07-24,30,09:30 p.m.,2,,,,,,
2026-07-25,30,01:00 a.m.,2+3,,,,,,
2026-07-25,30,05:30 a.m.,3,,,,,,
2026-07-25,30,04:00 p.m.,1,,,,,,
2026-07-25,30,09:30 p.m.,2,,,,,,
2026-07-26,31,01:00 a.m.,2+3,,,,,,
2026-07-26,31,05:30 a.m.,3,,,,,,
2026-07-26,31,04:00 p.m.,1,,,,,,
2026-07-26,31,09:30 p.m.,2,,,,,,
2026-07-27,31,01:00 a.m.,2+3,,,,,,
2026-07-27,31,05:30 a.m.,3,,,,,,
2026-07-27,31,04:00 p.m.,1,,,,,,
2026-07-27,31,09:30 p.m.,2,,,,,,
2026-07-28,31,01:00 a.m.,2+3,,,,,,
2026-07-28,31,05:30 a.m.,3,,,,,,
2026-07-28,31,04:00 p.m.,1,,,,,,
2026-07-28,31,09:30 p.m.,2,,,,,,
2026-07-29,31,01:00 a.m.,2+3,,,,,,
2026-07-29,31,05:30 a.m.,3,,,,,,
2026-07-29,31,04:00 p.m.,1,,,,,,
2026-07-29,31,09:30 p.m.,2,,,,,,
2026-07-30,31,01:00 a.m.,2+3,,,,,,
2026-07-30,31,05:30 a.m.,3,,,,,,
2026-07-30,31,04:00 p.m.,1,,,,,,
2026-07-30,31,09:30 p.m.,2,,,,,,
2026-07-31,31,01:00 a.m.,2+3,,,,,,
2026-07-31,31,05:30 a.m.,3,,,,,,
2026-07-31,31,04:00 p.m.,1,,,,,,
2026-07-31,31,09:30 p.m.,2,,,,,,
2026-08-01,31,01:00 a.m.,2+3,,,,,,
2026-08-01,31,05:30 a.m.,3,,,,,,
2026-08-01,31,04:00 p.m.,1,,,,,,
2026-08-01,31,09:30 p.m.,2,,,,,,
2026-08-02,32,01:00 a.m.,2+3,,,,,,
2026-08-02,32,05:30 a.m.,3,,,,,,
2026-08-02,32,04:00 p.m.,1,,,,,,
2026-08-02,32,09:30 p.m.,2,,,,,,
2026-08-03,32,01:00 a.m.,2+3,,,,,,
2026-08-03,32,05:30 a.m.,3,,,,,,
2026-08-03,32,04:00 p.m.,1,,,,,,
2026-08-03,32,09:30 p.m.,2,,,,,,
2026-08-04,32,01:00 a.m.,2+3,,,,,,
2026-08-04,32,05:30 a.m.,3,,,,,,
2026-08-04,32,04:00 p.m.,1,,,,,,
2026-08-04,32,09:30 p.m.,2,,,,,,
2026-08-05,32,01:00 a.m.,2+3,,,,,,
2026-08-05,32,05:30 a.m.,3,,,,,,
2026-08-05,32,04:00 p.m.,1,,,,,,
2026-08-05,32,09:30 p.m.,2,,,,,,
2026-08-06,32,01:00 a.m.,2+3,,,,,,
2026-08-06,32,05:30 a.m.,3,,,,,,
2026-08-06,32,04:00 p.m.,1,,,,,,
2026-08-06,32,09:30 p.m.,2,,,,,,
2026-08-07,32,01:00 a.m.,2+3,,,,,,
2026-08-07,32,05:30 a.m.,3,,,,,,
2026-08-07,32,04:00 p.m.,1,,,,,,
2026-08-07,32,09:30 p.m.,2,,,,,,
2026-08-08,32,01:00 a.m.,2+3,,,,,,
2026-08-08,32,05:30 a.m.,3,,,,,,
2026-08-08,32,04:00 p.m.,1,,,,,,
2026-08-08,32,09:30 p.m.,2,,,,,,
2026-08-09,33,01:00 a.m.,2+3,,,,,,
2026-08-09,33,05:30 a.m.,3,,,,,,
2026-08-09,33,04:00 p.m.,1,,,,,,
2026-08-09,33,09:30 p.m.,2,,,,,,
2026-08-10,33,01:00 a.m.,2+3,,,,,,
2026-08-10,33,05:30 a.m.,3,,,,,,
2026-08-10,33,04:00 p.m.,1,,,,,,
2026-08-10,33,09:30 p.m.,2,,,,,,
2026-08-11,33,01:00 a.m.,2+3,,,,,,
2026-08-11,33,05:30 a.m.,3,,,,,,
2026-08-11,33,04:00 p.m.,1,,,,,,
2026-08-11,33,09:30 p.m.,2,,,,,,
2026-08-12,33,01:00 a.m.,2+3,,,,,,
2026-08-12,33,05:30 a.m.,3,,,,,,
2026-08-12,33,04:00 p.m.,1,,,,,,
2026-08-12,33,09:30 p.m.,2,,,,,,
